file,originalPdf,excepted_re
E:\compare\compare_json\DYMB_001.zip,E:\compare\compare_pdf\DYMB_001.zip,:consistent
E:\compare\compare_json\DYMB_002.zip,E:\compare\compare_pdf\DYMB_002.zip,:inconsistent
E:\compare\compare_json\DYMB_003.zip,E:\compare\compare_pdf\DYMB_003.zip,:consistent
E:\compare\compare_json\DYMB_004.zip,E:\compare\compare_pdf\DYMB_004.zip,:consistent
E:\compare\compare_json\DYMB_005.zip,E:\compare\compare_pdf\DYMB_005.zip,:consistent
E:\compare\compare_json\DYMB_006.zip,E:\compare\compare_pdf\DYMB_006.zip,:consistent
E:\compare\compare_json\DYMB_007.zip,E:\compare\compare_pdf\DYMB_007.zip,:consistent
E:\compare\compare_json\DYMB_008.zip,E:\compare\compare_pdf\DYMB_008.zip,:consistent
E:\compare\compare_json\DYMB_009.zip,E:\compare\compare_pdf\DYMB_009.zip,:inconsistent
E:\compare\compare_json\DYMB_010.zip,E:\compare\compare_pdf\DYMB_010.zip,:inconsistent
E:\compare\compare_json\DYMB_011.zip,E:\compare\compare_pdf\DYMB_011.zip,:inconsistent
E:\compare\compare_json\DYMB_012.zip,E:\compare\compare_pdf\DYMB_012.zip,:inconsistent
E:\compare\compare_json\DYMB_013.zip,E:\compare\compare_pdf\DYMB_013.zip,:inconsistent
E:\compare\compare_json\DYMB_014.zip,E:\compare\compare_pdf\DYMB_014.zip,:consistent
E:\compare\compare_json\DYMB_015.zip,E:\compare\compare_pdf\DYMB_015.zip,:inconsistent
E:\compare\compare_json\DYMB_016.zip,E:\compare\compare_pdf\DYMB_016.zip,:consistent
E:\compare\compare_json\DYMB_017.zip,E:\compare\compare_pdf\DYMB_017.zip,:consistent
E:\compare\compare_json\DYMB_018.zip,E:\compare\compare_pdf\DYMB_018.zip,:inconsistent
E:\compare\compare_json\DYMB_019.zip,E:\compare\compare_pdf\DYMB_019.zip,:inconsistent
E:\compare\compare_json\DYMB_020.zip,E:\compare\compare_pdf\DYMB_020.zip,:inconsistent
E:\compare\compare_json\DYMB_021.zip,E:\compare\compare_pdf\DYMB_021.zip,:consistent
E:\compare\compare_json\DYMB_022.zip,E:\compare\compare_pdf\DYMB_022.zip,:consistent
E:\compare\compare_json\DYMB_023.zip,E:\compare\compare_pdf\DYMB_023.zip,:consistent
E:\compare\compare_json\DYMB_024.zip,E:\compare\compare_pdf\DYMB_024.zip,:consistent
E:\compare\compare_json\DYMB_025.zip,E:\compare\compare_pdf\DYMB_025.zip,:consistent
E:\compare\compare_json\DYMB_026.zip,E:\compare\compare_pdf\DYMB_026.zip,:consistent
E:\compare\compare_json\DYMB_027.zip,E:\compare\compare_pdf\DYMB_027.zip,:consistent
E:\compare\compare_json\DYMB_028.zip,E:\compare\compare_pdf\DYMB_028.zip,:consistent
E:\compare\compare_json\DYMB_029.zip,E:\compare\compare_pdf\DYMB_029.zip,:consistent
E:\compare\compare_json\DYMB_035.zip,E:\compare\compare_pdf\DYMB_035.zip,:consistent
E:\compare\compare_json\DYMB_036.zip,E:\compare\compare_pdf\DYMB_036.zip,:consistent
E:\compare\compare_json\DYMB_037.zip,E:\compare\compare_pdf\DYMB_037.zip,:consistent
E:\compare\compare_json\DYMB_038.zip,E:\compare\compare_pdf\DYMB_038.zip,:consistent
E:\compare\compare_json\DYMB_040.zip,E:\compare\compare_pdf\DYMB_040.zip,:consistent
E:\compare\compare_json\DYMB_041.zip,E:\compare\compare_pdf\DYMB_041.zip,:inconsistent
E:\compare\compare_json\DYMB_042.zip,E:\compare\compare_pdf\DYMB_042.zip,:inconsistent
E:\compare\compare_json\DYMB_043.zip,E:\compare\compare_pdf\DYMB_043.zip,:consistent
E:\compare\compare_json\DYMB_044.zip,E:\compare\compare_pdf\DYMB_044.zip,:consistent
E:\compare\compare_json\DYMB_045.zip,E:\compare\compare_pdf\DYMB_045.zip,:inconsistent
E:\compare\compare_json\DYMB_046.zip,E:\compare\compare_pdf\DYMB_046.zip,:inconsistent
E:\compare\compare_json\DYMB_047.zip,E:\compare\compare_pdf\DYMB_047.zip,:inconsistent
E:\compare\compare_json\DYMB_048.zip,E:\compare\compare_pdf\DYMB_048.zip,:inconsistent
E:\compare\compare_json\DYMB_050.zip,E:\compare\compare_pdf\DYMB_050.zip,:consistent
E:\compare\compare_json\DYMB_051.zip,E:\compare\compare_pdf\DYMB_051.zip,:inconsistent
E:\compare\compare_json\DYMB_052.zip,E:\compare\compare_pdf\DYMB_052.zip,:consistent
E:\compare\compare_json\DYMB_053.zip,E:\compare\compare_pdf\DYMB_053.zip,:inconsistent
E:\compare\compare_json\DYMB_054.zip,E:\compare\compare_pdf\DYMB_054.zip,:consistent
E:\compare\compare_json\DYMB_055.zip,E:\compare\compare_pdf\DYMB_055.zip,:consistent
E:\compare\compare_json\DYMB_056.zip,E:\compare\compare_pdf\DYMB_056.zip,:consistent
E:\compare\compare_json\DYMB_057.zip,E:\compare\compare_pdf\DYMB_057.zip,:consistent
E:\compare\compare_json\DYMB_058.zip,E:\compare\compare_pdf\DYMB_058.zip,:consistent
E:\compare\compare_json\DYMB_059.zip,E:\compare\compare_pdf\DYMB_059.zip,:inconsistent
E:\compare\compare_json\DYMB_060.zip,E:\compare\compare_pdf\DYMB_060.zip,:inconsistent
E:\compare\compare_json\DYMB_061.zip,E:\compare\compare_pdf\DYMB_061.zip,:inconsistent
E:\compare\compare_json\DYMB_062.zip,E:\compare\compare_pdf\DYMB_062.zip,:inconsistent
E:\compare\compare_json\DYMB_063.zip,E:\compare\compare_pdf\DYMB_063.zip,:inconsistent
E:\compare\compare_json\DYMB_064.zip,E:\compare\compare_pdf\DYMB_064.zip,:inconsistent
E:\compare\compare_json\DYMB_065.zip,E:\compare\compare_pdf\DYMB_065.zip,:inconsistent
E:\compare\compare_json\DYMB_066.zip,E:\compare\compare_pdf\DYMB_066.zip,:inconsistent
E:\compare\compare_json\DYMB_067.zip,E:\compare\compare_pdf\DYMB_067.zip,:inconsistent
E:\compare\compare_json\DYMB_068.zip,E:\compare\compare_pdf\DYMB_068.zip,:inconsistent
E:\compare\compare_json\DYMB_069.zip,E:\compare\compare_pdf\DYMB_069.zip,:inconsistent
E:\compare\compare_json\DYMB_070.zip,E:\compare\compare_pdf\DYMB_070.zip,:inconsistent
E:\compare\compare_json\DYMB_071.zip,E:\compare\compare_pdf\DYMB_071.zip,:inconsistent
E:\compare\compare_json\DYMB_072.zip,E:\compare\compare_pdf\DYMB_072.zip,:consistent
E:\compare\compare_json\DYMB_073.zip,E:\compare\compare_pdf\DYMB_073.zip,:inconsistent
E:\compare\compare_json\DYMB_074.zip,E:\compare\compare_pdf\DYMB_074.zip,:consistent
E:\compare\compare_json\DYMB_075.zip,E:\compare\compare_pdf\DYMB_075.zip,:consistent
E:\compare\compare_json\DYMB_076.zip,E:\compare\compare_pdf\DYMB_076.zip,:consistent
E:\compare\compare_json\DYMB_077.zip,E:\compare\compare_pdf\DYMB_077.zip,:consistent
E:\compare\compare_json\DYMB_078.zip,E:\compare\compare_pdf\DYMB_078.zip,:consistent
E:\compare\compare_json\DYMB_079.zip,E:\compare\compare_pdf\DYMB_079.zip,:consistent
E:\compare\compare_json\DYMB_080.zip,E:\compare\compare_pdf\DYMB_080.zip,:consistent
E:\compare\compare_json\DYMB_081.zip,E:\compare\compare_pdf\DYMB_081.zip,:consistent
E:\compare\compare_json\DYMB_082.zip,E:\compare\compare_pdf\DYMB_082.zip,:consistent
E:\compare\compare_json\DYMB_083.zip,E:\compare\compare_pdf\DYMB_083.zip,:consistent
E:\compare\compare_json\DYMB_084.zip,E:\compare\compare_pdf\DYMB_084.zip,:consistent
E:\compare\compare_json\DYMB_085.zip,E:\compare\compare_pdf\DYMB_085.zip,:consistent
E:\compare\compare_json\DYMB_086.zip,E:\compare\compare_pdf\DYMB_086.zip,:consistent
E:\compare\compare_json\DYMB_087.zip,E:\compare\compare_pdf\DYMB_087.zip,:consistent
E:\compare\compare_json\DYMB_088.zip,E:\compare\compare_pdf\DYMB_088.zip,:consistent
E:\compare\compare_json\DYMB_089.zip,E:\compare\compare_pdf\DYMB_089.zip,:consistent
E:\compare\compare_json\DYMB_090.zip,E:\compare\compare_pdf\DYMB_090.zip,:consistent
E:\compare\compare_json\DYMB_091.zip,E:\compare\compare_pdf\DYMB_091.zip,:inconsistent
E:\compare\compare_json\DYMB_092.zip,E:\compare\compare_pdf\DYMB_092.zip,:consistent
E:\compare\compare_json\DYMB_093.zip,E:\compare\compare_pdf\DYMB_093.zip,:consistent
E:\compare\compare_json\DYMB_094.zip,E:\compare\compare_pdf\DYMB_094.zip,:consistent
E:\compare\compare_json\DYMB_095.zip,E:\compare\compare_pdf\DYMB_095.zip,:consistent
E:\compare\compare_json\DYMB_096.zip,E:\compare\compare_pdf\DYMB_096.zip,:inconsistent
E:\compare\compare_json\DYMB_097.zip,E:\compare\compare_pdf\DYMB_097.zip,:inconsistent
E:\compare\compare_json\DYMB_098.zip,E:\compare\compare_pdf\DYMB_098.zip,:consistent
E:\compare\compare_json\DYMB_099.zip,E:\compare\compare_pdf\DYMB_099.zip,:consistent
E:\compare\compare_json\DYMB_100.zip,E:\compare\compare_pdf\DYMB_100.zip,:inconsistent
E:\compare\compare_json\DYMB_101.zip,E:\compare\compare_pdf\DYMB_101.zip,:consistent
E:\compare\compare_json\DYMB_102.zip,E:\compare\compare_pdf\DYMB_102.zip,:inconsistent
E:\compare\compare_json\DYMB_103.zip,E:\compare\compare_pdf\DYMB_103.zip,:consistent
E:\compare\compare_json\DYMB_104.zip,E:\compare\compare_pdf\DYMB_104.zip,:inconsistent
E:\compare\compare_json\DYMB_105.zip,E:\compare\compare_pdf\DYMB_105.zip,:inconsistent
E:\compare\compare_json\DYMB_106.zip,E:\compare\compare_pdf\DYMB_106.zip,:inconsistent
E:\compare\compare_json\DYMB_107.zip,E:\compare\compare_pdf\DYMB_107.zip,:inconsistent
E:\compare\compare_json\DYMB_108.zip,E:\compare\compare_pdf\DYMB_108.zip,:inconsistent
E:\compare\compare_json\DYMB_109.zip,E:\compare\compare_pdf\DYMB_109.zip,:inconsistent
E:\compare\compare_json\DYMB_110.zip,E:\compare\compare_pdf\DYMB_110.zip,:consistent
E:\compare\compare_json\DYMB_111.zip,E:\compare\compare_pdf\DYMB_111.zip,:inconsistent
E:\compare\compare_json\DYMB_112.zip,E:\compare\compare_pdf\DYMB_112.zip,:consistent
E:\compare\compare_json\DYMB_113.zip,E:\compare\compare_pdf\DYMB_113.zip,:inconsistent
E:\compare\compare_json\DYMB_114.zip,E:\compare\compare_pdf\DYMB_114.zip,:inconsistent
E:\compare\compare_json\DYMB_115.zip,E:\compare\compare_pdf\DYMB_115.zip,:inconsistent
E:\compare\compare_json\DYMB_116.zip,E:\compare\compare_pdf\DYMB_116.zip,:consistent
E:\compare\compare_json\DYMB_117.zip,E:\compare\compare_pdf\DYMB_117.zip,:inconsistent
E:\compare\compare_json\DYMB_118.zip,E:\compare\compare_pdf\DYMB_118.zip,:inconsistent
E:\compare\compare_json\DYMB_119.zip,E:\compare\compare_pdf\DYMB_119.zip,:inconsistent
E:\compare\compare_json\DYMB_120.zip,E:\compare\compare_pdf\DYMB_120.zip,:consistent
E:\compare\compare_json\DYMB_121.zip,E:\compare\compare_pdf\DYMB_121.zip,:consistent
